{
  "project_info": {
    "project_number": "543214849347",
    "firebase_url": "https://solodroid-projects.firebaseio.com",
    "project_id": "solodroid-projects",
    "storage_bucket": "solodroid-projects.appspot.com"
  },
  "client": [
    {
      "client_info": {
        "mobilesdk_app_id": "1:543214849347:android:7fad08b5940471fe",
        "android_client_info": {
          "package_name": "com.solodroid.yourradioappdemo"
        }
      },
      "oauth_client": [
        {
          "client_id": "543214849347-hu8ofspfbog1hnhheuoj8hn52os72kmr.apps.googleusercontent.com",
          "client_type": 3
        }
      ],
      "api_key": [
        {
          "current_key": "AIzaSyBQyquEcpEW5JmAMXmDnYPiKy_0xUqO1p8"
        }
      ],
      "services": {
        "analytics_service": {
          "status": 1
        },
        "appinvite_service": {
          "status": 1,
          "other_platform_oauth_client": []
        },
        "ads_service": {
          "status": 2
        }
      }
    },
    {
      "client_info": {
        "mobilesdk_app_id": "1:543214849347:android:eaa96a9ab32185b5",
        "android_client_info": {
          "package_name": "com.solodroid.androidnewsappdemo"
        }
      },
      "oauth_client": [
        {
          "client_id": "543214849347-hu8ofspfbog1hnhheuoj8hn52os72kmr.apps.googleusercontent.com",
          "client_type": 3
        }
      ],
      "api_key": [
        {
          "current_key": "AIzaSyBQyquEcpEW5JmAMXmDnYPiKy_0xUqO1p8"
        }
      ],
      "services": {
        "analytics_service": {
          "status": 1
        },
        "appinvite_service": {
          "status": 1,
          "other_platform_oauth_client": []
        },
        "ads_service": {
          "status": 2
        }
      }
    },
    {
      "client_info": {
        "mobilesdk_app_id": "1:543214849347:android:e69f767e12231bcf",
        "android_client_info": {
          "package_name": "com.solodroid.solowallpaper"
        }
      },
      "oauth_client": [
        {
          "client_id": "543214849347-hu8ofspfbog1hnhheuoj8hn52os72kmr.apps.googleusercontent.com",
          "client_type": 3
        }
      ],
      "api_key": [
        {
          "current_key": "AIzaSyBQyquEcpEW5JmAMXmDnYPiKy_0xUqO1p8"
        }
      ],
      "services": {
        "analytics_service": {
          "status": 1
        },
        "appinvite_service": {
          "status": 1,
          "other_platform_oauth_client": []
        },
        "ads_service": {
          "status": 2
        }
      }
    },
    {
      "client_info": {
        "mobilesdk_app_id": "1:543214849347:android:6d93a3e22dd544e6",
        "android_client_info": {
          "package_name": "com.solodroid.solostory"
        }
      },
      "oauth_client": [
        {
          "client_id": "543214849347-hu8ofspfbog1hnhheuoj8hn52os72kmr.apps.googleusercontent.com",
          "client_type": 3
        }
      ],
      "api_key": [
        {
          "current_key": "AIzaSyBQyquEcpEW5JmAMXmDnYPiKy_0xUqO1p8"
        }
      ],
      "services": {
        "analytics_service": {
          "status": 1
        },
        "appinvite_service": {
          "status": 1,
          "other_platform_oauth_client": []
        },
        "ads_service": {
          "status": 2
        }
      }
    },
    {
      "client_info": {
        "mobilesdk_app_id": "1:543214849347:android:60c7e779562ba1bf",
        "android_client_info": {
          "package_name": "com.solodroid.solonews"
        }
      },
      "oauth_client": [
        {
          "client_id": "543214849347-hu8ofspfbog1hnhheuoj8hn52os72kmr.apps.googleusercontent.com",
          "client_type": 3
        }
      ],
      "api_key": [
        {
          "current_key": "AIzaSyBQyquEcpEW5JmAMXmDnYPiKy_0xUqO1p8"
        }
      ],
      "services": {
        "analytics_service": {
          "status": 1
        },
        "appinvite_service": {
          "status": 1,
          "other_platform_oauth_client": []
        },
        "ads_service": {
          "status": 2
        }
      }
    },
    {
      "client_info": {
        "mobilesdk_app_id": "1:543214849347:android:3152d81b85d78be9",
        "android_client_info": {
          "package_name": "com.solodroid.yourrestaurantapp"
        }
      },
      "oauth_client": [
        {
          "client_id": "543214849347-hu8ofspfbog1hnhheuoj8hn52os72kmr.apps.googleusercontent.com",
          "client_type": 3
        }
      ],
      "api_key": [
        {
          "current_key": "AIzaSyBQyquEcpEW5JmAMXmDnYPiKy_0xUqO1p8"
        }
      ],
      "services": {
        "analytics_service": {
          "status": 1
        },
        "appinvite_service": {
          "status": 1,
          "other_platform_oauth_client": []
        },
        "ads_service": {
          "status": 2
        }
      }
    },
    {
      "client_info": {
        "mobilesdk_app_id": "1:543214849347:android:5147f9eab114b9f5",
        "android_client_info": {
          "package_name": "com.solodroid.wpnewsapp"
        }
      },
      "oauth_client": [
        {
          "client_id": "543214849347-hu8ofspfbog1hnhheuoj8hn52os72kmr.apps.googleusercontent.com",
          "client_type": 3
        }
      ],
      "api_key": [
        {
          "current_key": "AIzaSyBQyquEcpEW5JmAMXmDnYPiKy_0xUqO1p8"
        }
      ],
      "services": {
        "analytics_service": {
          "status": 1
        },
        "appinvite_service": {
          "status": 1,
          "other_platform_oauth_client": []
        },
        "ads_service": {
          "status": 2
        }
      }
    },
    {
      "client_info": {
        "mobilesdk_app_id": "1:543214849347:android:bc9db8d7c25755dc",
        "android_client_info": {
          "package_name": "com.solodroid.yourrecipesappdemo"
        }
      },
      "oauth_client": [
        {
          "client_id": "543214849347-hu8ofspfbog1hnhheuoj8hn52os72kmr.apps.googleusercontent.com",
          "client_type": 3
        }
      ],
      "api_key": [
        {
          "current_key": "AIzaSyBQyquEcpEW5JmAMXmDnYPiKy_0xUqO1p8"
        }
      ],
      "services": {
        "analytics_service": {
          "status": 1
        },
        "appinvite_service": {
          "status": 1,
          "other_platform_oauth_client": []
        },
        "ads_service": {
          "status": 2
        }
      }
    },
    {
      "client_info": {
        "mobilesdk_app_id": "1:543214849347:android:3186652f0b831e02",
        "android_client_info": {
          "package_name": "com.solodroid.yourradioappsinglestation"
        }
      },
      "oauth_client": [
        {
          "client_id": "543214849347-hu8ofspfbog1hnhheuoj8hn52os72kmr.apps.googleusercontent.com",
          "client_type": 3
        }
      ],
      "api_key": [
        {
          "current_key": "AIzaSyBQyquEcpEW5JmAMXmDnYPiKy_0xUqO1p8"
        }
      ],
      "services": {
        "analytics_service": {
          "status": 1
        },
        "appinvite_service": {
          "status": 1,
          "other_platform_oauth_client": []
        },
        "ads_service": {
          "status": 2
        }
      }
    },
    {
      "client_info": {
        "mobilesdk_app_id": "1:543214849347:android:dab2417d8c48e911",
        "android_client_info": {
          "package_name": "com.solodroid.nopi"
        }
      },
      "oauth_client": [
        {
          "client_id": "543214849347-hu8ofspfbog1hnhheuoj8hn52os72kmr.apps.googleusercontent.com",
          "client_type": 3
        }
      ],
      "api_key": [
        {
          "current_key": "AIzaSyBQyquEcpEW5JmAMXmDnYPiKy_0xUqO1p8"
        }
      ],
      "services": {
        "analytics_service": {
          "status": 1
        },
        "appinvite_service": {
          "status": 1,
          "other_platform_oauth_client": []
        },
        "ads_service": {
          "status": 2
        }
      }
    },
    {
      "client_info": {
        "mobilesdk_app_id": "1:543214849347:android:f81d982601d6d4fe",
        "android_client_info": {
          "package_name": "com.solodroid.thestreamapp"
        }
      },
      "oauth_client": [
        {
          "client_id": "543214849347-hu8ofspfbog1hnhheuoj8hn52os72kmr.apps.googleusercontent.com",
          "client_type": 3
        }
      ],
      "api_key": [
        {
          "current_key": "AIzaSyBQyquEcpEW5JmAMXmDnYPiKy_0xUqO1p8"
        }
      ],
      "services": {
        "analytics_service": {
          "status": 1
        },
        "appinvite_service": {
          "status": 1,
          "other_platform_oauth_client": []
        },
        "ads_service": {
          "status": 2
        }
      }
    }
  ],
  "configuration_version": "1"
}